<ImportExportXml xmlns:xsi="http://www.w3.org/2001/XMLSchema-instance">
  <Entities></Entities>
  <Roles></Roles>
  <Workflows></Workflows>
  <FieldSecurityProfiles></FieldSecurityProfiles>
  <Templates />
  <EntityMaps />
  <EntityRelationships />
  <OrganizationSettings />
  <optionsets />
  <WebResources>
    <WebResource>
      <WebResourceId>{764f1b81-f666-eb11-a812-0022489a1756}</WebResourceId>
      <Name>pum_iconant</Name>
      <DisplayName>Icon Ant</DisplayName>
      <WebResourceType>11</WebResourceType>
      <IntroducedVersion>1.0.0.0</IntroducedVersion>
      <IsEnabledForMobileClient>1</IsEnabledForMobileClient>
      <IsAvailableForMobileOffline>0</IsAvailableForMobileOffline>
      <DependencyXml>&lt;Dependencies&gt;&lt;Dependency componentType="WebResource"/&gt;&lt;/Dependencies&gt;</DependencyXml>
      <IsCustomizable>1</IsCustomizable>
      <CanBeDeleted>1</CanBeDeleted>
      <IsHidden>0</IsHidden>
      <FileName>/WebResources/pum_iconant764F1B81-F666-EB11-A812-0022489A1756</FileName>
    </WebResource>
    <WebResource>
      <WebResourceId>{8bb782b9-f666-eb11-a812-0022489a1756}</WebResourceId>
      <Name>pum_iconaskingquestions</Name>
      <DisplayName>Icon Asking Questions</DisplayName>
      <WebResourceType>11</WebResourceType>
      <IntroducedVersion>1.0.0.0</IntroducedVersion>
      <IsEnabledForMobileClient>1</IsEnabledForMobileClient>
      <IsAvailableForMobileOffline>0</IsAvailableForMobileOffline>
      <DependencyXml>&lt;Dependencies&gt;&lt;Dependency componentType="WebResource"/&gt;&lt;/Dependencies&gt;</DependencyXml>
      <IsCustomizable>1</IsCustomizable>
      <CanBeDeleted>1</CanBeDeleted>
      <IsHidden>0</IsHidden>
      <FileName>/WebResources/pum_iconaskingquestions8BB782B9-F666-EB11-A812-0022489A1756</FileName>
    </WebResource>
    <WebResource>
      <WebResourceId>{968b75de-f666-eb11-a812-0022489a1756}</WebResourceId>
      <Name>pum_iconatom</Name>
      <DisplayName>Icon Atom</DisplayName>
      <WebResourceType>11</WebResourceType>
      <IntroducedVersion>1.0.0.0</IntroducedVersion>
      <IsEnabledForMobileClient>1</IsEnabledForMobileClient>
      <IsAvailableForMobileOffline>0</IsAvailableForMobileOffline>
      <DependencyXml>&lt;Dependencies&gt;&lt;Dependency componentType="WebResource"/&gt;&lt;/Dependencies&gt;</DependencyXml>
      <IsCustomizable>1</IsCustomizable>
      <CanBeDeleted>1</CanBeDeleted>
      <IsHidden>0</IsHidden>
      <FileName>/WebResources/pum_iconatom968B75DE-F666-EB11-A812-0022489A1756</FileName>
    </WebResource>
    <WebResource>
      <WebResourceId>{0e0bb210-f766-eb11-a812-0022489a1756}</WebResourceId>
      <Name>pum_iconbalancedscales</Name>
      <DisplayName>Icon Balanced Scales</DisplayName>
      <WebResourceType>11</WebResourceType>
      <IntroducedVersion>1.0.0.0</IntroducedVersion>
      <IsEnabledForMobileClient>1</IsEnabledForMobileClient>
      <IsAvailableForMobileOffline>0</IsAvailableForMobileOffline>
      <DependencyXml>&lt;Dependencies&gt;&lt;Dependency componentType="WebResource"/&gt;&lt;/Dependencies&gt;</DependencyXml>
      <IsCustomizable>1</IsCustomizable>
      <CanBeDeleted>1</CanBeDeleted>
      <IsHidden>0</IsHidden>
      <FileName>/WebResources/pum_iconbalancedscales0E0BB210-F766-EB11-A812-0022489A1756</FileName>
    </WebResource>
    <WebResource>
      <WebResourceId>{c34e5630-f766-eb11-a812-0022489a1756}</WebResourceId>
      <Name>pum_iconbinoculars</Name>
      <DisplayName>Icon Binoculars</DisplayName>
      <WebResourceType>11</WebResourceType>
      <IntroducedVersion>1.0.0.0</IntroducedVersion>
      <IsEnabledForMobileClient>1</IsEnabledForMobileClient>
      <IsAvailableForMobileOffline>0</IsAvailableForMobileOffline>
      <DependencyXml>&lt;Dependencies&gt;&lt;Dependency componentType="WebResource"/&gt;&lt;/Dependencies&gt;</DependencyXml>
      <IsCustomizable>1</IsCustomizable>
      <CanBeDeleted>1</CanBeDeleted>
      <IsHidden>0</IsHidden>
      <FileName>/WebResources/pum_iconbinocularsC34E5630-F766-EB11-A812-0022489A1756</FileName>
    </WebResource>
    <WebResource>
      <WebResourceId>{92fa465c-f766-eb11-a812-0022489a1756}</WebResourceId>
      <Name>pum_iconbriefcase</Name>
      <DisplayName>Icon Briefcase</DisplayName>
      <WebResourceType>11</WebResourceType>
      <IntroducedVersion>1.0.0.0</IntroducedVersion>
      <IsEnabledForMobileClient>1</IsEnabledForMobileClient>
      <IsAvailableForMobileOffline>0</IsAvailableForMobileOffline>
      <DependencyXml>&lt;Dependencies&gt;&lt;Dependency componentType="WebResource"/&gt;&lt;/Dependencies&gt;</DependencyXml>
      <IsCustomizable>1</IsCustomizable>
      <CanBeDeleted>1</CanBeDeleted>
      <IsHidden>0</IsHidden>
      <FileName>/WebResources/pum_iconbriefcase92FA465C-F766-EB11-A812-0022489A1756</FileName>
    </WebResource>
    <WebResource>
      <WebResourceId>{21f53f88-f766-eb11-a812-0022489a1756}</WebResourceId>
      <Name>pum_iconbuildingandpeople</Name>
      <DisplayName>Icon Building and People</DisplayName>
      <WebResourceType>11</WebResourceType>
      <IntroducedVersion>1.0.0.0</IntroducedVersion>
      <IsEnabledForMobileClient>1</IsEnabledForMobileClient>
      <IsAvailableForMobileOffline>0</IsAvailableForMobileOffline>
      <DependencyXml>&lt;Dependencies&gt;&lt;Dependency componentType="WebResource"/&gt;&lt;/Dependencies&gt;</DependencyXml>
      <IsCustomizable>1</IsCustomizable>
      <CanBeDeleted>1</CanBeDeleted>
      <IsHidden>0</IsHidden>
      <FileName>/WebResources/pum_iconbuildingandpeople21F53F88-F766-EB11-A812-0022489A1756</FileName>
    </WebResource>
    <WebResource>
      <WebResourceId>{c42953c5-f766-eb11-a812-0022489a1756}</WebResourceId>
      <Name>pum_iconcalculator</Name>
      <DisplayName>Icon Calculator</DisplayName>
      <WebResourceType>11</WebResourceType>
      <IntroducedVersion>1.0.0.0</IntroducedVersion>
      <IsEnabledForMobileClient>1</IsEnabledForMobileClient>
      <IsAvailableForMobileOffline>0</IsAvailableForMobileOffline>
      <DependencyXml>&lt;Dependencies&gt;&lt;Dependency componentType="WebResource"/&gt;&lt;/Dependencies&gt;</DependencyXml>
      <IsCustomizable>1</IsCustomizable>
      <CanBeDeleted>1</CanBeDeleted>
      <IsHidden>0</IsHidden>
      <FileName>/WebResources/pum_iconcalculatorC42953C5-F766-EB11-A812-0022489A1756</FileName>
    </WebResource>
    <WebResource>
      <WebResourceId>{bd891ede-f766-eb11-a812-0022489a1756}</WebResourceId>
      <Name>pum_iconcamera</Name>
      <DisplayName>Icon Camera</DisplayName>
      <WebResourceType>11</WebResourceType>
      <IntroducedVersion>1.0.0.0</IntroducedVersion>
      <IsEnabledForMobileClient>1</IsEnabledForMobileClient>
      <IsAvailableForMobileOffline>0</IsAvailableForMobileOffline>
      <DependencyXml>&lt;Dependencies&gt;&lt;Dependency componentType="WebResource"/&gt;&lt;/Dependencies&gt;</DependencyXml>
      <IsCustomizable>1</IsCustomizable>
      <CanBeDeleted>1</CanBeDeleted>
      <IsHidden>0</IsHidden>
      <FileName>/WebResources/pum_iconcameraBD891EDE-F766-EB11-A812-0022489A1756</FileName>
    </WebResource>
    <WebResource>
      <WebResourceId>{2d6570fc-f766-eb11-a812-0022489a1756}</WebResourceId>
      <Name>pum_iconcds</Name>
      <DisplayName>Icon CDS</DisplayName>
      <WebResourceType>11</WebResourceType>
      <IntroducedVersion>1.0.0.0</IntroducedVersion>
      <IsEnabledForMobileClient>1</IsEnabledForMobileClient>
      <IsAvailableForMobileOffline>0</IsAvailableForMobileOffline>
      <DependencyXml>&lt;Dependencies&gt;&lt;Dependency componentType="WebResource"/&gt;&lt;/Dependencies&gt;</DependencyXml>
      <IsCustomizable>1</IsCustomizable>
      <CanBeDeleted>1</CanBeDeleted>
      <IsHidden>0</IsHidden>
      <FileName>/WebResources/pum_iconcds2D6570FC-F766-EB11-A812-0022489A1756</FileName>
    </WebResource>
    <WebResource>
      <WebResourceId>{356a8b21-f866-eb11-a812-0022489a1756}</WebResourceId>
      <Name>pum_iconchat</Name>
      <DisplayName>Icon Chat</DisplayName>
      <WebResourceType>11</WebResourceType>
      <IntroducedVersion>1.0.0.0</IntroducedVersion>
      <IsEnabledForMobileClient>1</IsEnabledForMobileClient>
      <IsAvailableForMobileOffline>0</IsAvailableForMobileOffline>
      <DependencyXml>&lt;Dependencies&gt;&lt;Dependency componentType="WebResource"/&gt;&lt;/Dependencies&gt;</DependencyXml>
      <IsCustomizable>1</IsCustomizable>
      <CanBeDeleted>1</CanBeDeleted>
      <IsHidden>0</IsHidden>
      <FileName>/WebResources/pum_iconchat356A8B21-F866-EB11-A812-0022489A1756</FileName>
    </WebResource>
    <WebResource>
      <WebResourceId>{f383a846-f866-eb11-a812-0022489a1756}</WebResourceId>
      <Name>pum_iconchemistrybottle</Name>
      <DisplayName>Icon Chemistry Bottle</DisplayName>
      <WebResourceType>11</WebResourceType>
      <IntroducedVersion>1.0.0.0</IntroducedVersion>
      <IsEnabledForMobileClient>1</IsEnabledForMobileClient>
      <IsAvailableForMobileOffline>0</IsAvailableForMobileOffline>
      <DependencyXml>&lt;Dependencies&gt;&lt;Dependency componentType="WebResource"/&gt;&lt;/Dependencies&gt;</DependencyXml>
      <IsCustomizable>1</IsCustomizable>
      <CanBeDeleted>1</CanBeDeleted>
      <IsHidden>0</IsHidden>
      <FileName>/WebResources/pum_iconchemistrybottleF383A846-F866-EB11-A812-0022489A1756</FileName>
    </WebResource>
    <WebResource>
      <WebResourceId>{587888af-f866-eb11-a812-0022489a1756}</WebResourceId>
      <Name>pum_iconcinema</Name>
      <DisplayName>Icon Cinema</DisplayName>
      <WebResourceType>11</WebResourceType>
      <IntroducedVersion>1.0.0.0</IntroducedVersion>
      <IsEnabledForMobileClient>1</IsEnabledForMobileClient>
      <IsAvailableForMobileOffline>0</IsAvailableForMobileOffline>
      <DependencyXml>&lt;Dependencies&gt;&lt;Dependency componentType="WebResource"/&gt;&lt;/Dependencies&gt;</DependencyXml>
      <IsCustomizable>1</IsCustomizable>
      <CanBeDeleted>1</CanBeDeleted>
      <IsHidden>0</IsHidden>
      <FileName>/WebResources/pum_iconcinema587888AF-F866-EB11-A812-0022489A1756</FileName>
    </WebResource>
    <WebResource>
      <WebResourceId>{d7db23ce-f866-eb11-a812-0022489a1756}</WebResourceId>
      <Name>pum_iconcity</Name>
      <DisplayName>Icon City</DisplayName>
      <WebResourceType>11</WebResourceType>
      <IntroducedVersion>1.0.0.0</IntroducedVersion>
      <IsEnabledForMobileClient>1</IsEnabledForMobileClient>
      <IsAvailableForMobileOffline>0</IsAvailableForMobileOffline>
      <DependencyXml>&lt;Dependencies&gt;&lt;Dependency componentType="WebResource"/&gt;&lt;/Dependencies&gt;</DependencyXml>
      <IsCustomizable>1</IsCustomizable>
      <CanBeDeleted>1</CanBeDeleted>
      <IsHidden>0</IsHidden>
      <FileName>/WebResources/pum_iconcityD7DB23CE-F866-EB11-A812-0022489A1756</FileName>
    </WebResource>
    <WebResource>
      <WebResourceId>{98a60aed-f866-eb11-a812-0022489a1756}</WebResourceId>
      <Name>pum_iconclock</Name>
      <DisplayName>Icon Clock</DisplayName>
      <WebResourceType>11</WebResourceType>
      <IntroducedVersion>1.0.0.0</IntroducedVersion>
      <IsEnabledForMobileClient>1</IsEnabledForMobileClient>
      <IsAvailableForMobileOffline>0</IsAvailableForMobileOffline>
      <DependencyXml>&lt;Dependencies&gt;&lt;Dependency componentType="WebResource"/&gt;&lt;/Dependencies&gt;</DependencyXml>
      <IsCustomizable>1</IsCustomizable>
      <CanBeDeleted>1</CanBeDeleted>
      <IsHidden>0</IsHidden>
      <FileName>/WebResources/pum_iconclock98A60AED-F866-EB11-A812-0022489A1756</FileName>
    </WebResource>
    <WebResource>
      <WebResourceId>{6f47eb0b-f966-eb11-a812-0022489a1756}</WebResourceId>
      <Name>pum_iconcoffeeshoptable</Name>
      <DisplayName>Icon Coffee Shop Table</DisplayName>
      <WebResourceType>11</WebResourceType>
      <IntroducedVersion>1.0.0.0</IntroducedVersion>
      <IsEnabledForMobileClient>1</IsEnabledForMobileClient>
      <IsAvailableForMobileOffline>0</IsAvailableForMobileOffline>
      <DependencyXml>&lt;Dependencies&gt;&lt;Dependency componentType="WebResource"/&gt;&lt;/Dependencies&gt;</DependencyXml>
      <IsCustomizable>1</IsCustomizable>
      <CanBeDeleted>1</CanBeDeleted>
      <IsHidden>0</IsHidden>
      <FileName>/WebResources/pum_iconcoffeeshoptable6F47EB0B-F966-EB11-A812-0022489A1756</FileName>
    </WebResource>
    <WebResource>
      <WebResourceId>{98190c58-f966-eb11-a812-0022489a1756}</WebResourceId>
      <Name>pum_iconcompass</Name>
      <DisplayName>Icon Compass</DisplayName>
      <WebResourceType>11</WebResourceType>
      <IntroducedVersion>1.0.0.0</IntroducedVersion>
      <IsEnabledForMobileClient>1</IsEnabledForMobileClient>
      <IsAvailableForMobileOffline>0</IsAvailableForMobileOffline>
      <DependencyXml>&lt;Dependencies&gt;&lt;Dependency componentType="WebResource"/&gt;&lt;/Dependencies&gt;</DependencyXml>
      <IsCustomizable>1</IsCustomizable>
      <CanBeDeleted>1</CanBeDeleted>
      <IsHidden>0</IsHidden>
      <FileName>/WebResources/pum_iconcompass98190C58-F966-EB11-A812-0022489A1756</FileName>
    </WebResource>
    <WebResource>
      <WebResourceId>{4cf84078-f966-eb11-a812-0022489a1756}</WebResourceId>
      <Name>pum_iconcontract</Name>
      <DisplayName>Icon Contract</DisplayName>
      <WebResourceType>11</WebResourceType>
      <IntroducedVersion>1.0.0.0</IntroducedVersion>
      <IsEnabledForMobileClient>1</IsEnabledForMobileClient>
      <IsAvailableForMobileOffline>0</IsAvailableForMobileOffline>
      <DependencyXml>&lt;Dependencies&gt;&lt;Dependency componentType="WebResource"/&gt;&lt;/Dependencies&gt;</DependencyXml>
      <IsCustomizable>1</IsCustomizable>
      <CanBeDeleted>1</CanBeDeleted>
      <IsHidden>0</IsHidden>
      <FileName>/WebResources/pum_iconcontract4CF84078-F966-EB11-A812-0022489A1756</FileName>
    </WebResource>
    <WebResource>
      <WebResourceId>{eaff179f-f966-eb11-a812-0022489a1756}</WebResourceId>
      <Name>pum_icondancing</Name>
      <DisplayName>Icon Dancing</DisplayName>
      <WebResourceType>11</WebResourceType>
      <IntroducedVersion>1.0.0.0</IntroducedVersion>
      <IsEnabledForMobileClient>1</IsEnabledForMobileClient>
      <IsAvailableForMobileOffline>0</IsAvailableForMobileOffline>
      <DependencyXml>&lt;Dependencies&gt;&lt;Dependency componentType="WebResource"/&gt;&lt;/Dependencies&gt;</DependencyXml>
      <IsCustomizable>1</IsCustomizable>
      <CanBeDeleted>1</CanBeDeleted>
      <IsHidden>0</IsHidden>
      <FileName>/WebResources/pum_icondancingEAFF179F-F966-EB11-A812-0022489A1756</FileName>
    </WebResource>
    <WebResource>
      <WebResourceId>{6476f9c3-f966-eb11-a812-0022489a1756}</WebResourceId>
      <Name>pum_icondesign</Name>
      <DisplayName>Icon Design</DisplayName>
      <WebResourceType>11</WebResourceType>
      <IntroducedVersion>1.0.0.0</IntroducedVersion>
      <IsEnabledForMobileClient>1</IsEnabledForMobileClient>
      <IsAvailableForMobileOffline>0</IsAvailableForMobileOffline>
      <DependencyXml>&lt;Dependencies&gt;&lt;Dependency componentType="WebResource"/&gt;&lt;/Dependencies&gt;</DependencyXml>
      <IsCustomizable>1</IsCustomizable>
      <CanBeDeleted>1</CanBeDeleted>
      <IsHidden>0</IsHidden>
      <FileName>/WebResources/pum_icondesign6476F9C3-F966-EB11-A812-0022489A1756</FileName>
    </WebResource>
    <WebResource>
      <WebResourceId>{647553e3-f966-eb11-a812-0022489a1756}</WebResourceId>
      <Name>pum_icondocument</Name>
      <DisplayName>Icon Document</DisplayName>
      <WebResourceType>11</WebResourceType>
      <IntroducedVersion>1.0.0.0</IntroducedVersion>
      <IsEnabledForMobileClient>1</IsEnabledForMobileClient>
      <IsAvailableForMobileOffline>0</IsAvailableForMobileOffline>
      <DependencyXml>&lt;Dependencies&gt;&lt;Dependency componentType="WebResource"/&gt;&lt;/Dependencies&gt;</DependencyXml>
      <IsCustomizable>1</IsCustomizable>
      <CanBeDeleted>1</CanBeDeleted>
      <IsHidden>0</IsHidden>
      <FileName>/WebResources/pum_icondocument647553E3-F966-EB11-A812-0022489A1756</FileName>
    </WebResource>
    <WebResource>
      <WebResourceId>{ab4664fe-f966-eb11-a812-0022489a1756}</WebResourceId>
      <Name>pum_iconfactory</Name>
      <DisplayName>Icon Factory</DisplayName>
      <WebResourceType>11</WebResourceType>
      <IntroducedVersion>1.0.0.0</IntroducedVersion>
      <IsEnabledForMobileClient>1</IsEnabledForMobileClient>
      <IsAvailableForMobileOffline>0</IsAvailableForMobileOffline>
      <DependencyXml>&lt;Dependencies&gt;&lt;Dependency componentType="WebResource"/&gt;&lt;/Dependencies&gt;</DependencyXml>
      <IsCustomizable>1</IsCustomizable>
      <CanBeDeleted>1</CanBeDeleted>
      <IsHidden>0</IsHidden>
      <FileName>/WebResources/pum_iconfactoryAB4664FE-F966-EB11-A812-0022489A1756</FileName>
    </WebResource>
    <WebResource>
      <WebResourceId>{735c3041-fa66-eb11-a812-0022489a1756}</WebResourceId>
      <Name>pum_iconflow</Name>
      <DisplayName>Icon Flow</DisplayName>
      <WebResourceType>11</WebResourceType>
      <IntroducedVersion>1.0.0.0</IntroducedVersion>
      <IsEnabledForMobileClient>1</IsEnabledForMobileClient>
      <IsAvailableForMobileOffline>0</IsAvailableForMobileOffline>
      <DependencyXml>&lt;Dependencies&gt;&lt;Dependency componentType="WebResource"/&gt;&lt;/Dependencies&gt;</DependencyXml>
      <IsCustomizable>1</IsCustomizable>
      <CanBeDeleted>1</CanBeDeleted>
      <IsHidden>0</IsHidden>
      <FileName>/WebResources/pum_iconflow735C3041-FA66-EB11-A812-0022489A1756</FileName>
    </WebResource>
    <WebResource>
      <WebResourceId>{89d6ca5f-fa66-eb11-a812-0022489a1756}</WebResourceId>
      <Name>pum_iconforward</Name>
      <DisplayName>Icon Forward</DisplayName>
      <WebResourceType>11</WebResourceType>
      <IntroducedVersion>1.0.0.0</IntroducedVersion>
      <IsEnabledForMobileClient>1</IsEnabledForMobileClient>
      <IsAvailableForMobileOffline>0</IsAvailableForMobileOffline>
      <DependencyXml>&lt;Dependencies&gt;&lt;Dependency componentType="WebResource"/&gt;&lt;/Dependencies&gt;</DependencyXml>
      <IsCustomizable>1</IsCustomizable>
      <CanBeDeleted>1</CanBeDeleted>
      <IsHidden>0</IsHidden>
      <FileName>/WebResources/pum_iconforward89D6CA5F-FA66-EB11-A812-0022489A1756</FileName>
    </WebResource>
    <WebResource>
      <WebResourceId>{b3295485-fa66-eb11-a812-0022489a1756}</WebResourceId>
      <Name>pum_icongantt</Name>
      <DisplayName>Icon Gantt</DisplayName>
      <WebResourceType>11</WebResourceType>
      <IntroducedVersion>1.0.0.0</IntroducedVersion>
      <IsEnabledForMobileClient>1</IsEnabledForMobileClient>
      <IsAvailableForMobileOffline>0</IsAvailableForMobileOffline>
      <DependencyXml>&lt;Dependencies&gt;&lt;Dependency componentType="WebResource"/&gt;&lt;/Dependencies&gt;</DependencyXml>
      <IsCustomizable>1</IsCustomizable>
      <CanBeDeleted>1</CanBeDeleted>
      <IsHidden>0</IsHidden>
      <FileName>/WebResources/pum_iconganttB3295485-FA66-EB11-A812-0022489A1756</FileName>
    </WebResource>
    <WebResource>
      <WebResourceId>{b6cbd0b0-fa66-eb11-a812-0022489a1756}</WebResourceId>
      <Name>pum_iconhome</Name>
      <DisplayName>Icon Home</DisplayName>
      <WebResourceType>11</WebResourceType>
      <IntroducedVersion>1.0.0.0</IntroducedVersion>
      <IsEnabledForMobileClient>1</IsEnabledForMobileClient>
      <IsAvailableForMobileOffline>0</IsAvailableForMobileOffline>
      <DependencyXml>&lt;Dependencies&gt;&lt;Dependency componentType="WebResource"/&gt;&lt;/Dependencies&gt;</DependencyXml>
      <IsCustomizable>1</IsCustomizable>
      <CanBeDeleted>1</CanBeDeleted>
      <IsHidden>0</IsHidden>
      <FileName>/WebResources/pum_iconhomeB6CBD0B0-FA66-EB11-A812-0022489A1756</FileName>
    </WebResource>
    <WebResource>
      <WebResourceId>{418fe5cf-fa66-eb11-a812-0022489a1756}</WebResourceId>
      <Name>pum_iconidea</Name>
      <DisplayName>Icon Idea</DisplayName>
      <WebResourceType>11</WebResourceType>
      <IntroducedVersion>1.0.0.0</IntroducedVersion>
      <IsEnabledForMobileClient>1</IsEnabledForMobileClient>
      <IsAvailableForMobileOffline>0</IsAvailableForMobileOffline>
      <DependencyXml>&lt;Dependencies&gt;&lt;Dependency componentType="WebResource"/&gt;&lt;/Dependencies&gt;</DependencyXml>
      <IsCustomizable>1</IsCustomizable>
      <CanBeDeleted>1</CanBeDeleted>
      <IsHidden>0</IsHidden>
      <FileName>/WebResources/pum_iconidea418FE5CF-FA66-EB11-A812-0022489A1756</FileName>
    </WebResource>
    <WebResource>
      <WebResourceId>{caacd3ee-fa66-eb11-a812-0022489a1756}</WebResourceId>
      <Name>pum_iconkey</Name>
      <DisplayName>Icon Key</DisplayName>
      <WebResourceType>11</WebResourceType>
      <IntroducedVersion>1.0.0.0</IntroducedVersion>
      <IsEnabledForMobileClient>1</IsEnabledForMobileClient>
      <IsAvailableForMobileOffline>0</IsAvailableForMobileOffline>
      <DependencyXml>&lt;Dependencies&gt;&lt;Dependency componentType="WebResource"/&gt;&lt;/Dependencies&gt;</DependencyXml>
      <IsCustomizable>1</IsCustomizable>
      <CanBeDeleted>1</CanBeDeleted>
      <IsHidden>0</IsHidden>
      <FileName>/WebResources/pum_iconkeyCAACD3EE-FA66-EB11-A812-0022489A1756</FileName>
    </WebResource>
    <WebResource>
      <WebResourceId>{2f7d720d-fb66-eb11-a812-0022489a1756}</WebResourceId>
      <Name>pum_iconlaptop</Name>
      <DisplayName>Icon Laptop</DisplayName>
      <WebResourceType>11</WebResourceType>
      <IntroducedVersion>1.0.0.0</IntroducedVersion>
      <IsEnabledForMobileClient>1</IsEnabledForMobileClient>
      <IsAvailableForMobileOffline>0</IsAvailableForMobileOffline>
      <DependencyXml>&lt;Dependencies&gt;&lt;Dependency componentType="WebResource"/&gt;&lt;/Dependencies&gt;</DependencyXml>
      <IsCustomizable>1</IsCustomizable>
      <CanBeDeleted>1</CanBeDeleted>
      <IsHidden>0</IsHidden>
      <FileName>/WebResources/pum_iconlaptop2F7D720D-FB66-EB11-A812-0022489A1756</FileName>
    </WebResource>
    <WebResource>
      <WebResourceId>{241a0c2d-fb66-eb11-a812-0022489a1756}</WebResourceId>
      <Name>pum_iconlaw</Name>
      <DisplayName>Icon Law</DisplayName>
      <WebResourceType>11</WebResourceType>
      <IntroducedVersion>1.0.0.0</IntroducedVersion>
      <IsEnabledForMobileClient>1</IsEnabledForMobileClient>
      <IsAvailableForMobileOffline>0</IsAvailableForMobileOffline>
      <DependencyXml>&lt;Dependencies&gt;&lt;Dependency componentType="WebResource"/&gt;&lt;/Dependencies&gt;</DependencyXml>
      <IsCustomizable>1</IsCustomizable>
      <CanBeDeleted>1</CanBeDeleted>
      <IsHidden>0</IsHidden>
      <FileName>/WebResources/pum_iconlaw241A0C2D-FB66-EB11-A812-0022489A1756</FileName>
    </WebResource>
    <WebResource>
      <WebResourceId>{b0949c4c-fb66-eb11-a812-0022489a1756}</WebResourceId>
      <Name>pum_iconloud</Name>
      <DisplayName>Icon Loud</DisplayName>
      <WebResourceType>11</WebResourceType>
      <IntroducedVersion>1.0.0.0</IntroducedVersion>
      <IsEnabledForMobileClient>1</IsEnabledForMobileClient>
      <IsAvailableForMobileOffline>0</IsAvailableForMobileOffline>
      <DependencyXml>&lt;Dependencies&gt;&lt;Dependency componentType="WebResource"/&gt;&lt;/Dependencies&gt;</DependencyXml>
      <IsCustomizable>1</IsCustomizable>
      <CanBeDeleted>1</CanBeDeleted>
      <IsHidden>0</IsHidden>
      <FileName>/WebResources/pum_iconloudB0949C4C-FB66-EB11-A812-0022489A1756</FileName>
    </WebResource>
    <WebResource>
      <WebResourceId>{d8cfe06b-fb66-eb11-a812-0022489a1756}</WebResourceId>
      <Name>pum_iconmap</Name>
      <DisplayName>Icon Map</DisplayName>
      <WebResourceType>11</WebResourceType>
      <IntroducedVersion>1.0.0.0</IntroducedVersion>
      <IsEnabledForMobileClient>1</IsEnabledForMobileClient>
      <IsAvailableForMobileOffline>0</IsAvailableForMobileOffline>
      <DependencyXml>&lt;Dependencies&gt;&lt;Dependency componentType="WebResource"/&gt;&lt;/Dependencies&gt;</DependencyXml>
      <IsCustomizable>1</IsCustomizable>
      <CanBeDeleted>1</CanBeDeleted>
      <IsHidden>0</IsHidden>
      <FileName>/WebResources/pum_iconmapD8CFE06B-FB66-EB11-A812-0022489A1756</FileName>
    </WebResource>
    <WebResource>
      <WebResourceId>{9ce71e8a-fb66-eb11-a812-0022489a1756}</WebResourceId>
      <Name>pum_iconmeetingtable</Name>
      <DisplayName>Icon Meeting Table</DisplayName>
      <WebResourceType>11</WebResourceType>
      <IntroducedVersion>1.0.0.0</IntroducedVersion>
      <IsEnabledForMobileClient>1</IsEnabledForMobileClient>
      <IsAvailableForMobileOffline>0</IsAvailableForMobileOffline>
      <DependencyXml>&lt;Dependencies&gt;&lt;Dependency componentType="WebResource"/&gt;&lt;/Dependencies&gt;</DependencyXml>
      <IsCustomizable>1</IsCustomizable>
      <CanBeDeleted>1</CanBeDeleted>
      <IsHidden>0</IsHidden>
      <FileName>/WebResources/pum_iconmeetingtable9CE71E8A-FB66-EB11-A812-0022489A1756</FileName>
    </WebResource>
    <WebResource>
      <WebResourceId>{03d989ae-fb66-eb11-a812-0022489a1756}</WebResourceId>
      <Name>pum_iconmeeting</Name>
      <DisplayName>Icon Meeting</DisplayName>
      <WebResourceType>11</WebResourceType>
      <IntroducedVersion>1.0.0.0</IntroducedVersion>
      <IsEnabledForMobileClient>1</IsEnabledForMobileClient>
      <IsAvailableForMobileOffline>0</IsAvailableForMobileOffline>
      <DependencyXml>&lt;Dependencies&gt;&lt;Dependency componentType="WebResource"/&gt;&lt;/Dependencies&gt;</DependencyXml>
      <IsCustomizable>1</IsCustomizable>
      <CanBeDeleted>1</CanBeDeleted>
      <IsHidden>0</IsHidden>
      <FileName>/WebResources/pum_iconmeeting03D989AE-FB66-EB11-A812-0022489A1756</FileName>
    </WebResource>
    <WebResource>
      <WebResourceId>{c0a38bc7-fb66-eb11-a812-0022489a1756}</WebResourceId>
      <Name>pum_iconmoney</Name>
      <DisplayName>Icon Money</DisplayName>
      <WebResourceType>11</WebResourceType>
      <IntroducedVersion>1.0.0.0</IntroducedVersion>
      <IsEnabledForMobileClient>1</IsEnabledForMobileClient>
      <IsAvailableForMobileOffline>0</IsAvailableForMobileOffline>
      <DependencyXml>&lt;Dependencies&gt;&lt;Dependency componentType="WebResource"/&gt;&lt;/Dependencies&gt;</DependencyXml>
      <IsCustomizable>1</IsCustomizable>
      <CanBeDeleted>1</CanBeDeleted>
      <IsHidden>0</IsHidden>
      <FileName>/WebResources/pum_iconmoneyC0A38BC7-FB66-EB11-A812-0022489A1756</FileName>
    </WebResource>
    <WebResource>
      <WebResourceId>{26a4cbeb-fb66-eb11-a812-0022489a1756}</WebResourceId>
      <Name>pum_iconmontblanc</Name>
      <DisplayName>Icon Mont Blanc</DisplayName>
      <WebResourceType>11</WebResourceType>
      <IntroducedVersion>1.0.0.0</IntroducedVersion>
      <IsEnabledForMobileClient>1</IsEnabledForMobileClient>
      <IsAvailableForMobileOffline>0</IsAvailableForMobileOffline>
      <DependencyXml>&lt;Dependencies&gt;&lt;Dependency componentType="WebResource"/&gt;&lt;/Dependencies&gt;</DependencyXml>
      <IsCustomizable>1</IsCustomizable>
      <CanBeDeleted>1</CanBeDeleted>
      <IsHidden>0</IsHidden>
      <FileName>/WebResources/pum_iconmontblanc26A4CBEB-FB66-EB11-A812-0022489A1756</FileName>
    </WebResource>
    <WebResource>
      <WebResourceId>{be734410-fc66-eb11-a812-0022489a1756}</WebResourceId>
      <Name>pum_iconmounteverest</Name>
      <DisplayName>Icon Mount Everest</DisplayName>
      <WebResourceType>11</WebResourceType>
      <IntroducedVersion>1.0.0.0</IntroducedVersion>
      <IsEnabledForMobileClient>1</IsEnabledForMobileClient>
      <IsAvailableForMobileOffline>0</IsAvailableForMobileOffline>
      <DependencyXml>&lt;Dependencies&gt;&lt;Dependency componentType="WebResource"/&gt;&lt;/Dependencies&gt;</DependencyXml>
      <IsCustomizable>1</IsCustomizable>
      <CanBeDeleted>1</CanBeDeleted>
      <IsHidden>0</IsHidden>
      <FileName>/WebResources/pum_iconmounteverestBE734410-FC66-EB11-A812-0022489A1756</FileName>
    </WebResource>
    <WebResource>
      <WebResourceId>{9b64f52e-fc66-eb11-a812-0022489a1756}</WebResourceId>
      <Name>pum_iconoaktree</Name>
      <DisplayName>Icon Oak Tree</DisplayName>
      <WebResourceType>11</WebResourceType>
      <IntroducedVersion>1.0.0.0</IntroducedVersion>
      <IsEnabledForMobileClient>1</IsEnabledForMobileClient>
      <IsAvailableForMobileOffline>0</IsAvailableForMobileOffline>
      <DependencyXml>&lt;Dependencies&gt;&lt;Dependency componentType="WebResource"/&gt;&lt;/Dependencies&gt;</DependencyXml>
      <IsCustomizable>1</IsCustomizable>
      <CanBeDeleted>1</CanBeDeleted>
      <IsHidden>0</IsHidden>
      <FileName>/WebResources/pum_iconoaktree9B64F52E-FC66-EB11-A812-0022489A1756</FileName>
    </WebResource>
    <WebResource>
      <WebResourceId>{01ad66d1-fc66-eb11-a812-0022489a1756}</WebResourceId>
      <Name>pum_iconopenfolder</Name>
      <DisplayName>Icon Open Folder</DisplayName>
      <WebResourceType>11</WebResourceType>
      <IntroducedVersion>1.0.0.0</IntroducedVersion>
      <IsEnabledForMobileClient>1</IsEnabledForMobileClient>
      <IsAvailableForMobileOffline>0</IsAvailableForMobileOffline>
      <DependencyXml>&lt;Dependencies&gt;&lt;Dependency componentType="WebResource"/&gt;&lt;/Dependencies&gt;</DependencyXml>
      <IsCustomizable>1</IsCustomizable>
      <CanBeDeleted>1</CanBeDeleted>
      <IsHidden>0</IsHidden>
      <FileName>/WebResources/pum_iconopenfolder01AD66D1-FC66-EB11-A812-0022489A1756</FileName>
    </WebResource>
    <WebResource>
      <WebResourceId>{30603ff6-fc66-eb11-a812-0022489a1756}</WebResourceId>
      <Name>pum_iconorgchart</Name>
      <DisplayName>Icon Org Chart</DisplayName>
      <WebResourceType>11</WebResourceType>
      <IntroducedVersion>1.0.0.0</IntroducedVersion>
      <IsEnabledForMobileClient>1</IsEnabledForMobileClient>
      <IsAvailableForMobileOffline>0</IsAvailableForMobileOffline>
      <DependencyXml>&lt;Dependencies&gt;&lt;Dependency componentType="WebResource"/&gt;&lt;/Dependencies&gt;</DependencyXml>
      <IsCustomizable>1</IsCustomizable>
      <CanBeDeleted>1</CanBeDeleted>
      <IsHidden>0</IsHidden>
      <FileName>/WebResources/pum_iconorgchart30603FF6-FC66-EB11-A812-0022489A1756</FileName>
    </WebResource>
    <WebResource>
      <WebResourceId>{39cfc11a-fd66-eb11-a812-0022489a1756}</WebResourceId>
      <Name>pum_iconpeoplegroup</Name>
      <DisplayName>Icon People Group</DisplayName>
      <WebResourceType>11</WebResourceType>
      <IntroducedVersion>1.0.0.0</IntroducedVersion>
      <IsEnabledForMobileClient>1</IsEnabledForMobileClient>
      <IsAvailableForMobileOffline>0</IsAvailableForMobileOffline>
      <DependencyXml>&lt;Dependencies&gt;&lt;Dependency componentType="WebResource"/&gt;&lt;/Dependencies&gt;</DependencyXml>
      <IsCustomizable>1</IsCustomizable>
      <CanBeDeleted>1</CanBeDeleted>
      <IsHidden>0</IsHidden>
      <FileName>/WebResources/pum_iconpeoplegroup39CFC11A-FD66-EB11-A812-0022489A1756</FileName>
    </WebResource>
    <WebResource>
      <WebResourceId>{b362f333-fd66-eb11-a812-0022489a1756}</WebResourceId>
      <Name>pum_iconperson</Name>
      <DisplayName>Icon Person</DisplayName>
      <WebResourceType>11</WebResourceType>
      <IntroducedVersion>1.0.0.0</IntroducedVersion>
      <IsEnabledForMobileClient>1</IsEnabledForMobileClient>
      <IsAvailableForMobileOffline>0</IsAvailableForMobileOffline>
      <DependencyXml>&lt;Dependencies&gt;&lt;Dependency componentType="WebResource"/&gt;&lt;/Dependencies&gt;</DependencyXml>
      <IsCustomizable>1</IsCustomizable>
      <CanBeDeleted>1</CanBeDeleted>
      <IsHidden>0</IsHidden>
      <FileName>/WebResources/pum_iconpersonB362F333-FD66-EB11-A812-0022489A1756</FileName>
    </WebResource>
    <WebResource>
      <WebResourceId>{b60e4653-fd66-eb11-a812-0022489a1756}</WebResourceId>
      <Name>pum_iconpiechart</Name>
      <DisplayName>Icon Pie Chart</DisplayName>
      <WebResourceType>11</WebResourceType>
      <IntroducedVersion>1.0.0.0</IntroducedVersion>
      <IsEnabledForMobileClient>1</IsEnabledForMobileClient>
      <IsAvailableForMobileOffline>0</IsAvailableForMobileOffline>
      <DependencyXml>&lt;Dependencies&gt;&lt;Dependency componentType="WebResource"/&gt;&lt;/Dependencies&gt;</DependencyXml>
      <IsCustomizable>1</IsCustomizable>
      <CanBeDeleted>1</CanBeDeleted>
      <IsHidden>0</IsHidden>
      <FileName>/WebResources/pum_iconpiechartB60E4653-FD66-EB11-A812-0022489A1756</FileName>
    </WebResource>
    <WebResource>
      <WebResourceId>{38095b71-fd66-eb11-a812-0022489a1756}</WebResourceId>
      <Name>pum_iconpostits</Name>
      <DisplayName>Icon Post-Its</DisplayName>
      <WebResourceType>11</WebResourceType>
      <IntroducedVersion>1.0.0.0</IntroducedVersion>
      <IsEnabledForMobileClient>1</IsEnabledForMobileClient>
      <IsAvailableForMobileOffline>0</IsAvailableForMobileOffline>
      <DependencyXml>&lt;Dependencies&gt;&lt;Dependency componentType="WebResource"/&gt;&lt;/Dependencies&gt;</DependencyXml>
      <IsCustomizable>1</IsCustomizable>
      <CanBeDeleted>1</CanBeDeleted>
      <IsHidden>0</IsHidden>
      <FileName>/WebResources/pum_iconpostits38095B71-FD66-EB11-A812-0022489A1756</FileName>
    </WebResource>
    <WebResource>
      <WebResourceId>{6a4ab696-fd66-eb11-a812-0022489a1756}</WebResourceId>
      <Name>pum_iconpresentation</Name>
      <DisplayName>Icon Presentation</DisplayName>
      <WebResourceType>11</WebResourceType>
      <IntroducedVersion>1.0.0.0</IntroducedVersion>
      <IsEnabledForMobileClient>1</IsEnabledForMobileClient>
      <IsAvailableForMobileOffline>0</IsAvailableForMobileOffline>
      <DependencyXml>&lt;Dependencies&gt;&lt;Dependency componentType="WebResource"/&gt;&lt;/Dependencies&gt;</DependencyXml>
      <IsCustomizable>1</IsCustomizable>
      <CanBeDeleted>1</CanBeDeleted>
      <IsHidden>0</IsHidden>
      <FileName>/WebResources/pum_iconpresentation6A4AB696-FD66-EB11-A812-0022489A1756</FileName>
    </WebResource>
    <WebResource>
      <WebResourceId>{7aa21338-fe66-eb11-a812-0022489a1756}</WebResourceId>
      <Name>pum_iconpyramid</Name>
      <DisplayName>Icon Pyramid</DisplayName>
      <WebResourceType>11</WebResourceType>
      <IntroducedVersion>1.0.0.0</IntroducedVersion>
      <IsEnabledForMobileClient>1</IsEnabledForMobileClient>
      <IsAvailableForMobileOffline>0</IsAvailableForMobileOffline>
      <DependencyXml>&lt;Dependencies&gt;&lt;Dependency componentType="WebResource"/&gt;&lt;/Dependencies&gt;</DependencyXml>
      <IsCustomizable>1</IsCustomizable>
      <CanBeDeleted>1</CanBeDeleted>
      <IsHidden>0</IsHidden>
      <FileName>/WebResources/pum_iconpyramid7AA21338-FE66-EB11-A812-0022489A1756</FileName>
    </WebResource>
    <WebResource>
      <WebResourceId>{0c99f870-fe66-eb11-a812-0022489a1756}</WebResourceId>
      <Name>pum_iconquestionmark</Name>
      <DisplayName>Icon Question Mark</DisplayName>
      <WebResourceType>11</WebResourceType>
      <IntroducedVersion>1.0.0.0</IntroducedVersion>
      <IsEnabledForMobileClient>1</IsEnabledForMobileClient>
      <IsAvailableForMobileOffline>0</IsAvailableForMobileOffline>
      <DependencyXml>&lt;Dependencies&gt;&lt;Dependency componentType="WebResource"/&gt;&lt;/Dependencies&gt;</DependencyXml>
      <IsCustomizable>1</IsCustomizable>
      <CanBeDeleted>1</CanBeDeleted>
      <IsHidden>0</IsHidden>
      <FileName>/WebResources/pum_iconquestionmark0C99F870-FE66-EB11-A812-0022489A1756</FileName>
    </WebResource>
    <WebResource>
      <WebResourceId>{3013539c-fe66-eb11-a812-0022489a1756}</WebResourceId>
      <Name>pum_iconrailroadtracks</Name>
      <DisplayName>Icon Railroad Tracks</DisplayName>
      <WebResourceType>11</WebResourceType>
      <IntroducedVersion>1.0.0.0</IntroducedVersion>
      <IsEnabledForMobileClient>1</IsEnabledForMobileClient>
      <IsAvailableForMobileOffline>0</IsAvailableForMobileOffline>
      <DependencyXml>&lt;Dependencies&gt;&lt;Dependency componentType="WebResource"/&gt;&lt;/Dependencies&gt;</DependencyXml>
      <IsCustomizable>1</IsCustomizable>
      <CanBeDeleted>1</CanBeDeleted>
      <IsHidden>0</IsHidden>
      <FileName>/WebResources/pum_iconrailroadtracks3013539C-FE66-EB11-A812-0022489A1756</FileName>
    </WebResource>
    <WebResource>
      <WebResourceId>{c64fa8c3-fe66-eb11-a812-0022489a1756}</WebResourceId>
      <Name>pum_iconrecycle</Name>
      <DisplayName>Icon Recycle</DisplayName>
      <WebResourceType>11</WebResourceType>
      <IntroducedVersion>1.0.0.0</IntroducedVersion>
      <IsEnabledForMobileClient>1</IsEnabledForMobileClient>
      <IsAvailableForMobileOffline>0</IsAvailableForMobileOffline>
      <DependencyXml>&lt;Dependencies&gt;&lt;Dependency componentType="WebResource"/&gt;&lt;/Dependencies&gt;</DependencyXml>
      <IsCustomizable>1</IsCustomizable>
      <CanBeDeleted>1</CanBeDeleted>
      <IsHidden>0</IsHidden>
      <FileName>/WebResources/pum_iconrecycleC64FA8C3-FE66-EB11-A812-0022489A1756</FileName>
    </WebResource>
    <WebResource>
      <WebResourceId>{e6c31ff6-fe66-eb11-a812-0022489a1756}</WebResourceId>
      <Name>pum_iconrevolvingarrows</Name>
      <DisplayName>Icon Revolving Arrows</DisplayName>
      <WebResourceType>11</WebResourceType>
      <IntroducedVersion>1.0.0.0</IntroducedVersion>
      <IsEnabledForMobileClient>1</IsEnabledForMobileClient>
      <IsAvailableForMobileOffline>0</IsAvailableForMobileOffline>
      <DependencyXml>&lt;Dependencies&gt;&lt;Dependency componentType="WebResource"/&gt;&lt;/Dependencies&gt;</DependencyXml>
      <IsCustomizable>1</IsCustomizable>
      <CanBeDeleted>1</CanBeDeleted>
      <IsHidden>0</IsHidden>
      <FileName>/WebResources/pum_iconrevolvingarrowsE6C31FF6-FE66-EB11-A812-0022489A1756</FileName>
    </WebResource>
    <WebResource>
      <WebResourceId>{61dd1415-ff66-eb11-a812-0022489a1756}</WebResourceId>
      <Name>pum_iconrobot</Name>
      <DisplayName>Icon Robot</DisplayName>
      <WebResourceType>11</WebResourceType>
      <IntroducedVersion>1.0.0.0</IntroducedVersion>
      <IsEnabledForMobileClient>1</IsEnabledForMobileClient>
      <IsAvailableForMobileOffline>0</IsAvailableForMobileOffline>
      <DependencyXml>&lt;Dependencies&gt;&lt;Dependency componentType="WebResource"/&gt;&lt;/Dependencies&gt;</DependencyXml>
      <IsCustomizable>1</IsCustomizable>
      <CanBeDeleted>1</CanBeDeleted>
      <IsHidden>0</IsHidden>
      <FileName>/WebResources/pum_iconrobot61DD1415-FF66-EB11-A812-0022489A1756</FileName>
    </WebResource>
    <WebResource>
      <WebResourceId>{3e903035-ff66-eb11-a812-0022489a1756}</WebResourceId>
      <Name>pum_iconsignature</Name>
      <DisplayName>Icon Signature</DisplayName>
      <WebResourceType>11</WebResourceType>
      <IntroducedVersion>1.0.0.0</IntroducedVersion>
      <IsEnabledForMobileClient>1</IsEnabledForMobileClient>
      <IsAvailableForMobileOffline>0</IsAvailableForMobileOffline>
      <DependencyXml>&lt;Dependencies&gt;&lt;Dependency componentType="WebResource"/&gt;&lt;/Dependencies&gt;</DependencyXml>
      <IsCustomizable>1</IsCustomizable>
      <CanBeDeleted>1</CanBeDeleted>
      <IsHidden>0</IsHidden>
      <FileName>/WebResources/pum_iconsignature3E903035-FF66-EB11-A812-0022489A1756</FileName>
    </WebResource>
    <WebResource>
      <WebResourceId>{e3defe54-ff66-eb11-a812-0022489a1756}</WebResourceId>
      <Name>pum_iconspeedometer</Name>
      <DisplayName>Icon Speedometer</DisplayName>
      <WebResourceType>11</WebResourceType>
      <IntroducedVersion>1.0.0.0</IntroducedVersion>
      <IsEnabledForMobileClient>1</IsEnabledForMobileClient>
      <IsAvailableForMobileOffline>0</IsAvailableForMobileOffline>
      <DependencyXml>&lt;Dependencies&gt;&lt;Dependency componentType="WebResource"/&gt;&lt;/Dependencies&gt;</DependencyXml>
      <IsCustomizable>1</IsCustomizable>
      <CanBeDeleted>1</CanBeDeleted>
      <IsHidden>0</IsHidden>
      <FileName>/WebResources/pum_iconspeedometerE3DEFE54-FF66-EB11-A812-0022489A1756</FileName>
    </WebResource>
    <WebResource>
      <WebResourceId>{50104574-ff66-eb11-a812-0022489a1756}</WebResourceId>
      <Name>pum_icontarget1</Name>
      <DisplayName>Icon Target 1</DisplayName>
      <WebResourceType>11</WebResourceType>
      <IntroducedVersion>1.0.0.0</IntroducedVersion>
      <IsEnabledForMobileClient>1</IsEnabledForMobileClient>
      <IsAvailableForMobileOffline>0</IsAvailableForMobileOffline>
      <DependencyXml>&lt;Dependencies&gt;&lt;Dependency componentType="WebResource"/&gt;&lt;/Dependencies&gt;</DependencyXml>
      <IsCustomizable>1</IsCustomizable>
      <CanBeDeleted>1</CanBeDeleted>
      <IsHidden>0</IsHidden>
      <FileName>/WebResources/pum_icontarget150104574-FF66-EB11-A812-0022489A1756</FileName>
    </WebResource>
    <WebResource>
      <WebResourceId>{5668d892-ff66-eb11-a812-0022489a1756}</WebResourceId>
      <Name>pum_icontarget2</Name>
      <DisplayName>Icon Target 2</DisplayName>
      <WebResourceType>11</WebResourceType>
      <IntroducedVersion>1.0.0.0</IntroducedVersion>
      <IsEnabledForMobileClient>1</IsEnabledForMobileClient>
      <IsAvailableForMobileOffline>0</IsAvailableForMobileOffline>
      <DependencyXml>&lt;Dependencies&gt;&lt;Dependency componentType="WebResource"/&gt;&lt;/Dependencies&gt;</DependencyXml>
      <IsCustomizable>1</IsCustomizable>
      <CanBeDeleted>1</CanBeDeleted>
      <IsHidden>0</IsHidden>
      <FileName>/WebResources/pum_icontarget25668D892-FF66-EB11-A812-0022489A1756</FileName>
    </WebResource>
    <WebResource>
      <WebResourceId>{26332db3-ff66-eb11-a812-0022489a1756}</WebResourceId>
      <Name>pum_iconteam</Name>
      <DisplayName>Icon Team</DisplayName>
      <WebResourceType>11</WebResourceType>
      <IntroducedVersion>1.0.0.0</IntroducedVersion>
      <IsEnabledForMobileClient>1</IsEnabledForMobileClient>
      <IsAvailableForMobileOffline>0</IsAvailableForMobileOffline>
      <DependencyXml>&lt;Dependencies&gt;&lt;Dependency componentType="WebResource"/&gt;&lt;/Dependencies&gt;</DependencyXml>
      <IsCustomizable>1</IsCustomizable>
      <CanBeDeleted>1</CanBeDeleted>
      <IsHidden>0</IsHidden>
      <FileName>/WebResources/pum_iconteam26332DB3-FF66-EB11-A812-0022489A1756</FileName>
    </WebResource>
    <WebResource>
      <WebResourceId>{a59830cd-ff66-eb11-a812-0022489a1756}</WebResourceId>
      <Name>pum_iconthermometer</Name>
      <DisplayName>Icon Thermometer</DisplayName>
      <WebResourceType>11</WebResourceType>
      <IntroducedVersion>1.0.0.0</IntroducedVersion>
      <IsEnabledForMobileClient>1</IsEnabledForMobileClient>
      <IsAvailableForMobileOffline>0</IsAvailableForMobileOffline>
      <DependencyXml>&lt;Dependencies&gt;&lt;Dependency componentType="WebResource"/&gt;&lt;/Dependencies&gt;</DependencyXml>
      <IsCustomizable>1</IsCustomizable>
      <CanBeDeleted>1</CanBeDeleted>
      <IsHidden>0</IsHidden>
      <FileName>/WebResources/pum_iconthermometerA59830CD-FF66-EB11-A812-0022489A1756</FileName>
    </WebResource>
    <WebResource>
      <WebResourceId>{ced0cde7-ff66-eb11-a812-0022489a1756}</WebResourceId>
      <Name>pum_iconthink</Name>
      <DisplayName>Icon Think</DisplayName>
      <WebResourceType>11</WebResourceType>
      <IntroducedVersion>1.0.0.0</IntroducedVersion>
      <IsEnabledForMobileClient>1</IsEnabledForMobileClient>
      <IsAvailableForMobileOffline>0</IsAvailableForMobileOffline>
      <DependencyXml>&lt;Dependencies&gt;&lt;Dependency componentType="WebResource"/&gt;&lt;/Dependencies&gt;</DependencyXml>
      <IsCustomizable>1</IsCustomizable>
      <CanBeDeleted>1</CanBeDeleted>
      <IsHidden>0</IsHidden>
      <FileName>/WebResources/pum_iconthinkCED0CDE7-FF66-EB11-A812-0022489A1756</FileName>
    </WebResource>
    <WebResource>
      <WebResourceId>{03cba207-0067-eb11-a812-0022489a1756}</WebResourceId>
      <Name>pum_icontools</Name>
      <DisplayName>Icon Tools</DisplayName>
      <WebResourceType>11</WebResourceType>
      <IntroducedVersion>1.0.0.0</IntroducedVersion>
      <IsEnabledForMobileClient>1</IsEnabledForMobileClient>
      <IsAvailableForMobileOffline>0</IsAvailableForMobileOffline>
      <DependencyXml>&lt;Dependencies&gt;&lt;Dependency componentType="WebResource"/&gt;&lt;/Dependencies&gt;</DependencyXml>
      <IsCustomizable>1</IsCustomizable>
      <CanBeDeleted>1</CanBeDeleted>
      <IsHidden>0</IsHidden>
      <FileName>/WebResources/pum_icontools03CBA207-0067-EB11-A812-0022489A1756</FileName>
    </WebResource>
    <WebResource>
      <WebResourceId>{9c1a7226-0067-eb11-a812-0022489a1756}</WebResourceId>
      <Name>pum_icontrafficlight</Name>
      <DisplayName>Icon Traffic Light</DisplayName>
      <WebResourceType>11</WebResourceType>
      <IntroducedVersion>1.0.0.0</IntroducedVersion>
      <IsEnabledForMobileClient>1</IsEnabledForMobileClient>
      <IsAvailableForMobileOffline>0</IsAvailableForMobileOffline>
      <DependencyXml>&lt;Dependencies&gt;&lt;Dependency componentType="WebResource"/&gt;&lt;/Dependencies&gt;</DependencyXml>
      <IsCustomizable>1</IsCustomizable>
      <CanBeDeleted>1</CanBeDeleted>
      <IsHidden>0</IsHidden>
      <FileName>/WebResources/pum_icontrafficlight9C1A7226-0067-EB11-A812-0022489A1756</FileName>
    </WebResource>
    <WebResource>
      <WebResourceId>{9336163f-0067-eb11-a812-0022489a1756}</WebResourceId>
      <Name>pum_iconunicorn</Name>
      <DisplayName>Icon Unicorn</DisplayName>
      <WebResourceType>11</WebResourceType>
      <IntroducedVersion>1.0.0.0</IntroducedVersion>
      <IsEnabledForMobileClient>1</IsEnabledForMobileClient>
      <IsAvailableForMobileOffline>0</IsAvailableForMobileOffline>
      <DependencyXml>&lt;Dependencies&gt;&lt;Dependency componentType="WebResource"/&gt;&lt;/Dependencies&gt;</DependencyXml>
      <IsCustomizable>1</IsCustomizable>
      <CanBeDeleted>1</CanBeDeleted>
      <IsHidden>0</IsHidden>
      <FileName>/WebResources/pum_iconunicorn9336163F-0067-EB11-A812-0022489A1756</FileName>
    </WebResource>
    <WebResource>
      <WebResourceId>{4482cb57-0067-eb11-a812-0022489a1756}</WebResourceId>
      <Name>pum_iconwarning</Name>
      <DisplayName>Icon Warning</DisplayName>
      <WebResourceType>11</WebResourceType>
      <IntroducedVersion>1.0.0.0</IntroducedVersion>
      <IsEnabledForMobileClient>1</IsEnabledForMobileClient>
      <IsAvailableForMobileOffline>0</IsAvailableForMobileOffline>
      <DependencyXml>&lt;Dependencies&gt;&lt;Dependency componentType="WebResource"/&gt;&lt;/Dependencies&gt;</DependencyXml>
      <IsCustomizable>1</IsCustomizable>
      <CanBeDeleted>1</CanBeDeleted>
      <IsHidden>0</IsHidden>
      <FileName>/WebResources/pum_iconwarning4482CB57-0067-EB11-A812-0022489A1756</FileName>
    </WebResource>
    <WebResource>
      <WebResourceId>{2acaba71-0067-eb11-a812-0022489a1756}</WebResourceId>
      <Name>pum_iconwindingroad</Name>
      <DisplayName>Icon Winding Road</DisplayName>
      <WebResourceType>11</WebResourceType>
      <IntroducedVersion>1.0.0.0</IntroducedVersion>
      <IsEnabledForMobileClient>1</IsEnabledForMobileClient>
      <IsAvailableForMobileOffline>0</IsAvailableForMobileOffline>
      <DependencyXml>&lt;Dependencies&gt;&lt;Dependency componentType="WebResource"/&gt;&lt;/Dependencies&gt;</DependencyXml>
      <IsCustomizable>1</IsCustomizable>
      <CanBeDeleted>1</CanBeDeleted>
      <IsHidden>0</IsHidden>
      <FileName>/WebResources/pum_iconwindingroad2ACABA71-0067-EB11-A812-0022489A1756</FileName>
    </WebResource>
    <WebResource>
      <WebResourceId>{8fd91691-0067-eb11-a812-0022489a1756}</WebResourceId>
      <Name>pum_iconwindmills</Name>
      <DisplayName>Icon WIndmills</DisplayName>
      <WebResourceType>11</WebResourceType>
      <IntroducedVersion>1.0.0.0</IntroducedVersion>
      <IsEnabledForMobileClient>1</IsEnabledForMobileClient>
      <IsAvailableForMobileOffline>0</IsAvailableForMobileOffline>
      <DependencyXml>&lt;Dependencies&gt;&lt;Dependency componentType="WebResource"/&gt;&lt;/Dependencies&gt;</DependencyXml>
      <IsCustomizable>1</IsCustomizable>
      <CanBeDeleted>1</CanBeDeleted>
      <IsHidden>0</IsHidden>
      <FileName>/WebResources/pum_iconwindmills8FD91691-0067-EB11-A812-0022489A1756</FileName>
    </WebResource>
    <WebResource>
      <WebResourceId>{98a732aa-0067-eb11-a812-0022489a1756}</WebResourceId>
      <Name>pum_iconworld</Name>
      <DisplayName>Icon World</DisplayName>
      <WebResourceType>11</WebResourceType>
      <IntroducedVersion>1.0.0.0</IntroducedVersion>
      <IsEnabledForMobileClient>1</IsEnabledForMobileClient>
      <IsAvailableForMobileOffline>0</IsAvailableForMobileOffline>
      <DependencyXml>&lt;Dependencies&gt;&lt;Dependency componentType="WebResource"/&gt;&lt;/Dependencies&gt;</DependencyXml>
      <IsCustomizable>1</IsCustomizable>
      <CanBeDeleted>1</CanBeDeleted>
      <IsHidden>0</IsHidden>
      <FileName>/WebResources/pum_iconworld98A732AA-0067-EB11-A812-0022489A1756</FileName>
    </WebResource>
    <WebResource>
      <WebResourceId>{f545871a-2667-eb11-a812-0022489a1756}</WebResourceId>
      <Name>pum_iconchesspieces</Name>
      <DisplayName>Icon Chess Pieces</DisplayName>
      <WebResourceType>11</WebResourceType>
      <IntroducedVersion>1.0.0.1</IntroducedVersion>
      <IsEnabledForMobileClient>1</IsEnabledForMobileClient>
      <IsAvailableForMobileOffline>0</IsAvailableForMobileOffline>
      <DependencyXml>&lt;Dependencies&gt;&lt;Dependency componentType="WebResource"/&gt;&lt;/Dependencies&gt;</DependencyXml>
      <IsCustomizable>1</IsCustomizable>
      <CanBeDeleted>1</CanBeDeleted>
      <IsHidden>0</IsHidden>
      <FileName>/WebResources/pum_iconchesspiecesF545871A-2667-EB11-A812-0022489A1756</FileName>
    </WebResource>
    <WebResource>
      <WebResourceId>{44b38a4c-2667-eb11-a812-0022489a1756}</WebResourceId>
      <Name>pum_iconcognitivecogwheels</Name>
      <DisplayName>Icon Cognitive Cogwheels</DisplayName>
      <WebResourceType>11</WebResourceType>
      <IntroducedVersion>1.0.0.1</IntroducedVersion>
      <IsEnabledForMobileClient>1</IsEnabledForMobileClient>
      <IsAvailableForMobileOffline>0</IsAvailableForMobileOffline>
      <DependencyXml>&lt;Dependencies&gt;&lt;Dependency componentType="WebResource"/&gt;&lt;/Dependencies&gt;</DependencyXml>
      <IsCustomizable>1</IsCustomizable>
      <CanBeDeleted>1</CanBeDeleted>
      <IsHidden>0</IsHidden>
      <FileName>/WebResources/pum_iconcognitivecogwheels44B38A4C-2667-EB11-A812-0022489A1756</FileName>
    </WebResource>
    <WebResource>
      <WebResourceId>{93dc8380-2667-eb11-a812-0022489a1756}</WebResourceId>
      <Name>pum_iconfinddocument</Name>
      <DisplayName>Icon Find Document</DisplayName>
      <WebResourceType>11</WebResourceType>
      <IntroducedVersion>1.0.0.1</IntroducedVersion>
      <IsEnabledForMobileClient>1</IsEnabledForMobileClient>
      <IsAvailableForMobileOffline>0</IsAvailableForMobileOffline>
      <DependencyXml>&lt;Dependencies&gt;&lt;Dependency componentType="WebResource"/&gt;&lt;/Dependencies&gt;</DependencyXml>
      <IsCustomizable>1</IsCustomizable>
      <CanBeDeleted>1</CanBeDeleted>
      <IsHidden>0</IsHidden>
      <FileName>/WebResources/pum_iconfinddocument93DC8380-2667-EB11-A812-0022489A1756</FileName>
    </WebResource>
    <WebResource>
      <WebResourceId>{9ea7de84-9765-eb11-a812-0022489bf93e}</WebResourceId>
      <Name>pum_iconbox</Name>
      <DisplayName>Icon Box</DisplayName>
      <WebResourceType>11</WebResourceType>
      <IntroducedVersion>1.0.0.0</IntroducedVersion>
      <IsEnabledForMobileClient>1</IsEnabledForMobileClient>
      <IsAvailableForMobileOffline>0</IsAvailableForMobileOffline>
      <DependencyXml>&lt;Dependencies&gt;&lt;Dependency componentType="WebResource"/&gt;&lt;/Dependencies&gt;</DependencyXml>
      <IsCustomizable>1</IsCustomizable>
      <CanBeDeleted>1</CanBeDeleted>
      <IsHidden>0</IsHidden>
      <FileName>/WebResources/pum_iconbox9EA7DE84-9765-EB11-A812-0022489BF93E</FileName>
    </WebResource>
  </WebResources>
  <CustomControls />
  <EntityDataProviders />
  <Languages>
    <Language>1033</Language>
  </Languages>
</ImportExportXml>