<ImportExportXml version="9.2.21042.163" SolutionPackageVersion="9.2" languagecode="1033" generatedBy="CrmLive" xmlns:xsi="http://www.w3.org/2001/XMLSchema-instance">
  <SolutionManifest>
    <UniqueName>PowerPPMIcons</UniqueName>
    <LocalizedNames>
      <LocalizedName description="Power PPM Icons" languagecode="1033" />
    </LocalizedNames>
    <Descriptions>
      <Description description="Icon package for Power PPM customers and partners" languagecode="1033" />
    </Descriptions>
    <Version>1.0.0.0</Version>
    <Managed>1</Managed>
    <Publisher>
      <UniqueName>Projectum</UniqueName>
      <LocalizedNames>
        <LocalizedName description="Projectum" languagecode="1033" />
      </LocalizedNames>
      <Descriptions>
        <Description description="Projectum - A Broad Horizon company" languagecode="1033" />
      </Descriptions>
      <EMailAddress>pk@projectum.com</EMailAddress>
      <SupportingWebsiteUrl>https://www.projectum.com</SupportingWebsiteUrl>
      <CustomizationPrefix>pum</CustomizationPrefix>
      <CustomizationOptionValuePrefix>49384</CustomizationOptionValuePrefix>
      <Addresses>
        <Address>
          <AddressNumber>1</AddressNumber>
          <AddressTypeCode>1</AddressTypeCode>
          <City>Soeborg</City>
          <County xsi:nil="true"></County>
          <Country>Denmark</Country>
          <Fax xsi:nil="true"></Fax>
          <FreightTermsCode xsi:nil="true"></FreightTermsCode>
          <ImportSequenceNumber xsi:nil="true"></ImportSequenceNumber>
          <Latitude xsi:nil="true"></Latitude>
          <Line1>Tobaksvejen 2a</Line1>
          <Line2 xsi:nil="true"></Line2>
          <Line3 xsi:nil="true"></Line3>
          <Longitude xsi:nil="true"></Longitude>
          <Name xsi:nil="true"></Name>
          <PostalCode>2860</PostalCode>
          <PostOfficeBox xsi:nil="true"></PostOfficeBox>
          <PrimaryContactName xsi:nil="true"></PrimaryContactName>
          <ShippingMethodCode>1</ShippingMethodCode>
          <StateOrProvince xsi:nil="true"></StateOrProvince>
          <Telephone1>+45 45885544</Telephone1>
          <Telephone2 xsi:nil="true"></Telephone2>
          <Telephone3 xsi:nil="true"></Telephone3>
          <TimeZoneRuleVersionNumber xsi:nil="true"></TimeZoneRuleVersionNumber>
          <UPSZone xsi:nil="true"></UPSZone>
          <UTCOffset xsi:nil="true"></UTCOffset>
          <UTCConversionTimeZoneCode xsi:nil="true"></UTCConversionTimeZoneCode>
        </Address>
        <Address>
          <AddressNumber>2</AddressNumber>
          <AddressTypeCode>1</AddressTypeCode>
          <City xsi:nil="true"></City>
          <County xsi:nil="true"></County>
          <Country xsi:nil="true"></Country>
          <Fax xsi:nil="true"></Fax>
          <FreightTermsCode xsi:nil="true"></FreightTermsCode>
          <ImportSequenceNumber xsi:nil="true"></ImportSequenceNumber>
          <Latitude xsi:nil="true"></Latitude>
          <Line1 xsi:nil="true"></Line1>
          <Line2 xsi:nil="true"></Line2>
          <Line3 xsi:nil="true"></Line3>
          <Longitude xsi:nil="true"></Longitude>
          <Name xsi:nil="true"></Name>
          <PostalCode xsi:nil="true"></PostalCode>
          <PostOfficeBox xsi:nil="true"></PostOfficeBox>
          <PrimaryContactName xsi:nil="true"></PrimaryContactName>
          <ShippingMethodCode>1</ShippingMethodCode>
          <StateOrProvince xsi:nil="true"></StateOrProvince>
          <Telephone1 xsi:nil="true"></Telephone1>
          <Telephone2 xsi:nil="true"></Telephone2>
          <Telephone3 xsi:nil="true"></Telephone3>
          <TimeZoneRuleVersionNumber xsi:nil="true"></TimeZoneRuleVersionNumber>
          <UPSZone xsi:nil="true"></UPSZone>
          <UTCOffset xsi:nil="true"></UTCOffset>
          <UTCConversionTimeZoneCode xsi:nil="true"></UTCConversionTimeZoneCode>
        </Address>
      </Addresses>
    </Publisher>
    <RootComponents>
      <RootComponent type="61" schemaName="pum_iconant" behavior="0" />
      <RootComponent type="61" schemaName="pum_iconaskingquestions" behavior="0" />
      <RootComponent type="61" schemaName="pum_iconatom" behavior="0" />
      <RootComponent type="61" schemaName="pum_iconbalancedscales" behavior="0" />
      <RootComponent type="61" schemaName="pum_iconbinoculars" behavior="0" />
      <RootComponent type="61" schemaName="pum_iconbox" behavior="0" />
      <RootComponent type="61" schemaName="pum_iconbriefcase" behavior="0" />
      <RootComponent type="61" schemaName="pum_iconbuildingandpeople" behavior="0" />
      <RootComponent type="61" schemaName="pum_iconcalculator" behavior="0" />
      <RootComponent type="61" schemaName="pum_iconcamera" behavior="0" />
      <RootComponent type="61" schemaName="pum_iconcds" behavior="0" />
      <RootComponent type="61" schemaName="pum_iconchat" behavior="0" />
      <RootComponent type="61" schemaName="pum_iconchemistrybottle" behavior="0" />
      <RootComponent type="61" schemaName="pum_iconchesspieces" behavior="0" />
      <RootComponent type="61" schemaName="pum_iconcinema" behavior="0" />
      <RootComponent type="61" schemaName="pum_iconcity" behavior="0" />
      <RootComponent type="61" schemaName="pum_iconclock" behavior="0" />
      <RootComponent type="61" schemaName="pum_iconcoffeeshoptable" behavior="0" />
      <RootComponent type="61" schemaName="pum_iconcognitivecogwheels" behavior="0" />
      <RootComponent type="61" schemaName="pum_iconcompass" behavior="0" />
      <RootComponent type="61" schemaName="pum_iconcontract" behavior="0" />
      <RootComponent type="61" schemaName="pum_icondancing" behavior="0" />
      <RootComponent type="61" schemaName="pum_icondesign" behavior="0" />
      <RootComponent type="61" schemaName="pum_icondocument" behavior="0" />
      <RootComponent type="61" schemaName="pum_iconfactory" behavior="0" />
      <RootComponent type="61" schemaName="pum_iconfinddocument" behavior="0" />
      <RootComponent type="61" schemaName="pum_iconflow" behavior="0" />
      <RootComponent type="61" schemaName="pum_iconforward" behavior="0" />
      <RootComponent type="61" schemaName="pum_icongantt" behavior="0" />
      <RootComponent type="61" schemaName="pum_iconhome" behavior="0" />
      <RootComponent type="61" schemaName="pum_iconidea" behavior="0" />
      <RootComponent type="61" schemaName="pum_iconkey" behavior="0" />
      <RootComponent type="61" schemaName="pum_iconlaptop" behavior="0" />
      <RootComponent type="61" schemaName="pum_iconlaw" behavior="0" />
      <RootComponent type="61" schemaName="pum_iconloud" behavior="0" />
      <RootComponent type="61" schemaName="pum_iconmap" behavior="0" />
      <RootComponent type="61" schemaName="pum_iconmeeting" behavior="0" />
      <RootComponent type="61" schemaName="pum_iconmeetingtable" behavior="0" />
      <RootComponent type="61" schemaName="pum_iconmoney" behavior="0" />
      <RootComponent type="61" schemaName="pum_iconmontblanc" behavior="0" />
      <RootComponent type="61" schemaName="pum_iconmounteverest" behavior="0" />
      <RootComponent type="61" schemaName="pum_iconoaktree" behavior="0" />
      <RootComponent type="61" schemaName="pum_iconopenfolder" behavior="0" />
      <RootComponent type="61" schemaName="pum_iconorgchart" behavior="0" />
      <RootComponent type="61" schemaName="pum_iconpeoplegroup" behavior="0" />
      <RootComponent type="61" schemaName="pum_iconperson" behavior="0" />
      <RootComponent type="61" schemaName="pum_iconpiechart" behavior="0" />
      <RootComponent type="61" schemaName="pum_iconpostits" behavior="0" />
      <RootComponent type="61" schemaName="pum_iconpresentation" behavior="0" />
      <RootComponent type="61" schemaName="pum_iconpyramid" behavior="0" />
      <RootComponent type="61" schemaName="pum_iconquestionmark" behavior="0" />
      <RootComponent type="61" schemaName="pum_iconrailroadtracks" behavior="0" />
      <RootComponent type="61" schemaName="pum_iconrecycle" behavior="0" />
      <RootComponent type="61" schemaName="pum_iconrevolvingarrows" behavior="0" />
      <RootComponent type="61" schemaName="pum_iconrobot" behavior="0" />
      <RootComponent type="61" schemaName="pum_iconsignature" behavior="0" />
      <RootComponent type="61" schemaName="pum_iconspeedometer" behavior="0" />
      <RootComponent type="61" schemaName="pum_icontarget1" behavior="0" />
      <RootComponent type="61" schemaName="pum_icontarget2" behavior="0" />
      <RootComponent type="61" schemaName="pum_iconteam" behavior="0" />
      <RootComponent type="61" schemaName="pum_iconthermometer" behavior="0" />
      <RootComponent type="61" schemaName="pum_iconthink" behavior="0" />
      <RootComponent type="61" schemaName="pum_icontools" behavior="0" />
      <RootComponent type="61" schemaName="pum_icontrafficlight" behavior="0" />
      <RootComponent type="61" schemaName="pum_iconunicorn" behavior="0" />
      <RootComponent type="61" schemaName="pum_iconwarning" behavior="0" />
      <RootComponent type="61" schemaName="pum_iconwindingroad" behavior="0" />
      <RootComponent type="61" schemaName="pum_iconwindmills" behavior="0" />
      <RootComponent type="61" schemaName="pum_iconworld" behavior="0" />
    </RootComponents>
    <MissingDependencies />
  </SolutionManifest>
</ImportExportXml>